term,doc_id,positions
python,0,[0]
versatile,0,[1]
programm,0,[2]
language,0,[3]
us,0,[4]
web,0,[5]
development,0,[6]
data,0,[7]
data,1,[7]
analysi,0,[8]
machine,1,[0]
learn,1,[1]
algorithm,1,[2]
predict,1,[3]
outcom,1,[4]
ba,1,[5]
historical,1,[6]
search,2,[0]
search,3,[4]
search,4,[1]
engin,2,[1]
like,2,[2]
google,2,[3]
use,2,[4]
complex,2,[5]
rank,2,[6]
system,2,[7]
deliver,2,[8]
relevant,2,[9]
result,2,[10]
bing,3,[0]
integrat,3,[1]
ai,3,[2]
improve,3,[3]
accuracy,3,[5]
user,3,[6]
experience,3,[7]
build,4,[0]
engine,4,[2]
involv,4,[3]
crawl,4,[4]
index,4,[5]
query,4,[6]
large,4,[7]
dataset,4,[8]
